<?xml version='1.0' encoding='utf-8' ?>
<!DOCTYPE document SYSTEM "file:///C:/Xilinx/14.7/ISE_DS/ISE/xc9500xl/data/xmlReport9kxl.dtd">
<document><ascFile>lab2_sch_2.rpt</ascFile><devFile>C:/Xilinx/14.7/ISE_DS/ISE/xc9500xl/data/xc9572xl.chp</devFile><mfdFile>lab2_sch_2.mfd</mfdFile><htmlFile logic_legend="logiclegend.htm" logo="xc9500xl_logo.jpg" pin_legend="pinlegend.htm"/><header date="11-29-2023" design="lab2_sch_2" device="XC9572XL" eqnType="1" pkg="PC44" speed="-10" status="1" statusStr="Successful" swVersion="P.20131013" time="  4:59PM" version="1.0"/><inputs id="ROT_A" userloc="P36"/><inputs id="ROT_B" userloc="P24"/><global_inputs id="CLK" pinnum="GCK1" use="GCK1" userloc="P5"/><global_inputs id="CLR" pinnum="GSR" use="GSR" userloc="P39"/><pin id="FB1_MC2_PIN1" pinnum="1"/><pin id="FB1_MC5_PIN2" pinnum="2"/><pin id="FB1_MC6_PIN3" pinnum="3"/><pin id="FB1_MC8_PIN4" pinnum="4"/><pin id="FB1_MC9_PIN5" pinnum="5" signal="CLK" use="GCK"/><pin id="FB1_MC11_PIN6" pinnum="6"/><pin id="FB1_MC14_PIN7" pinnum="7" signal="XLXN_16" use="b_SPECSIG"/><pin id="FB1_MC15_PIN8" pinnum="8" signal="XLXN_12" use="b_SPECSIG"/><pin id="FB1_MC17_PIN9" pinnum="9" signal="XLXI_5initA_SPECSIG" use="b_SPECSIG"/><pin id="FB2_MC2_PIN35" pinnum="35"/><pin id="FB2_MC5_PIN36" pinnum="36" signal="ROT_A" use="I"/><pin id="FB2_MC6_PIN37" pinnum="37"/><pin id="FB2_MC8_PIN38" pinnum="38"/><pin id="FB2_MC9_PIN39" pinnum="39" signal="CLR" use="GSR"/><pin id="FB2_MC11_PIN40" pinnum="40"/><pin id="FB2_MC14_PIN42" pinnum="42"/><pin id="FB2_MC15_PIN43" pinnum="43"/><pin id="FB2_MC17_PIN44" pinnum="44"/><pin id="FB3_MC2_PIN11" pinnum="11" signal="Y5_SPECSIG" use="O"/><pin id="FB3_MC5_PIN12" pinnum="12" signal="Y0_SPECSIG" use="O"/><pin id="FB3_MC8_PIN13" pinnum="13" signal="Y1_SPECSIG" use="O"/><pin id="FB3_MC9_PIN14" pinnum="14" signal="Y4_SPECSIG" use="O"/><pin id="FB3_MC11_PIN18" pinnum="18"/><pin id="FB3_MC14_PIN19" pinnum="19" signal="Y3_SPECSIG" use="O"/><pin id="FB3_MC15_PIN20" pinnum="20" signal="Y6_SPECSIG" use="O"/><pin id="FB3_MC16_PIN24" pinnum="24" signal="ROT_B" use="I"/><pin id="FB3_MC17_PIN22" pinnum="22" signal="Y2_SPECSIG" use="O"/><pin id="FB4_MC2_PIN25" pinnum="25"/><pin id="FB4_MC5_PIN26" pinnum="26"/><pin id="FB4_MC8_PIN27" pinnum="27"/><pin id="FB4_MC11_PIN28" pinnum="28"/><pin id="FB4_MC14_PIN29" pinnum="29"/><pin id="FB4_MC15_PIN33" pinnum="33"/><pin id="FB4_MC17_PIN34" pinnum="34"/><fblock id="FB1" inputUse="5" pinUse="0"><macrocell id="FB1_MC1"/><macrocell id="FB1_MC2" pin="FB1_MC2_PIN1"/><macrocell id="FB1_MC3"/><macrocell id="FB1_MC4"/><macrocell id="FB1_MC5" pin="FB1_MC5_PIN2"/><macrocell id="FB1_MC6" pin="FB1_MC6_PIN3"/><macrocell id="FB1_MC7"/><macrocell id="FB1_MC8" pin="FB1_MC8_PIN4"/><macrocell id="FB1_MC9" pin="FB1_MC9_PIN5"/><macrocell id="FB1_MC10"/><macrocell id="FB1_MC11" pin="FB1_MC11_PIN6"/><macrocell id="FB1_MC12"/><macrocell id="FB1_MC13"/><macrocell id="FB1_MC14" pin="FB1_MC14_PIN7" sigUse="5" signal="XLXN_16"><pterms pt1="FB1_14_1"/></macrocell><macrocell id="FB1_MC15" pin="FB1_MC15_PIN8" sigUse="5" signal="XLXN_12"><pterms pt1="FB1_15_1"/></macrocell><macrocell id="FB1_MC16" sigUse="1" signal="XLXI_5prevA_SPECSIG"><pterms pt1="FB1_16_1"/></macrocell><macrocell id="FB1_MC17" pin="FB1_MC17_PIN9" sigUse="4" signal="XLXI_5initA_SPECSIG"><pterms pt1="FB1_17_1" pt2="FB1_17_2"/></macrocell><macrocell id="FB1_MC18" sigUse="3" signal="XLXI_5FF_SPECSIG"><pterms pt1="FB1_18_1" pt2="FB1_18_2"/></macrocell><fbinput id="FB1_I1" signal="ROT_A"/><fbinput id="FB1_I2" signal="ROT_B"/><fbinput id="FB1_I3" signal="XLXI_5FF_SPECSIG"/><fbinput id="FB1_I4" signal="XLXI_5initA_SPECSIG"/><fbinput id="FB1_I5" signal="XLXI_5prevA_SPECSIG"/><pterm id="FB1_14_1"><signal id="XLXI_5FF_SPECSIG"/><signal id="XLXI_5initA_SPECSIG"/><signal id="ROT_A" negated="ON"/><signal id="XLXI_5prevA_SPECSIG" negated="ON"/><signal id="ROT_B" negated="ON"/></pterm><pterm id="FB1_15_1"><signal id="XLXI_5FF_SPECSIG"/><signal id="XLXI_5initA_SPECSIG" negated="ON"/><signal id="ROT_A" negated="ON"/><signal id="XLXI_5prevA_SPECSIG"/><signal id="ROT_B" negated="ON"/></pterm><pterm id="FB1_16_1"><signal id="ROT_A"/></pterm><pterm id="FB1_17_1"><signal id="XLXI_5prevA_SPECSIG"/></pterm><pterm id="FB1_17_2"><signal id="XLXI_5FF_SPECSIG" negated="ON"/><signal id="ROT_A"/><signal id="ROT_B"/></pterm><pterm id="FB1_18_1"><signal id="XLXI_5FF_SPECSIG"/><signal id="ROT_A" negated="ON"/><signal id="ROT_B" negated="ON"/></pterm><pterm id="FB1_18_2"><signal id="XLXI_5FF_SPECSIG" negated="ON"/><signal id="ROT_A"/><signal id="ROT_B"/></pterm><equation id="XLXN_16" regUse="D"><d2><eq_pterm ptindx="FB1_14_1"/></d2><clk><fastsig signal="CLK"/></clk><prld ptindx="GND"/></equation><equation id="XLXN_12" regUse="D"><d2><eq_pterm ptindx="FB1_15_1"/></d2><clk><fastsig signal="CLK"/></clk><prld ptindx="GND"/></equation><equation id="XLXI_5prevA_SPECSIG" regUse="D"><d2><eq_pterm ptindx="FB1_16_1"/></d2><clk><fastsig signal="CLK"/></clk><prld ptindx="GND"/></equation><equation id="XLXI_5initA_SPECSIG" regUse="D"><d2><eq_pterm ptindx="FB1_17_1"/></d2><clk><fastsig signal="CLK"/></clk><ce><eq_pterm ptindx="FB1_17_2"/></ce><prld ptindx="GND"/></equation><equation id="XLXI_5FF_SPECSIG" regUse="T"><d2><eq_pterm ptindx="FB1_18_1"/><eq_pterm ptindx="FB1_18_2"/></d2><clk><fastsig signal="CLK"/></clk><prld ptindx="GND"/></equation></fblock><fblock id="FB2" inputUse="0" pinUse="1"><macrocell id="FB2_MC1"/><macrocell id="FB2_MC2" pin="FB2_MC2_PIN35"/><macrocell id="FB2_MC3"/><macrocell id="FB2_MC4"/><macrocell id="FB2_MC5" pin="FB2_MC5_PIN36"/><macrocell id="FB2_MC6" pin="FB2_MC6_PIN37"/><macrocell id="FB2_MC7"/><macrocell id="FB2_MC8" pin="FB2_MC8_PIN38"/><macrocell id="FB2_MC9" pin="FB2_MC9_PIN39"/><macrocell id="FB2_MC10"/><macrocell id="FB2_MC11" pin="FB2_MC11_PIN40"/><macrocell id="FB2_MC12"/><macrocell id="FB2_MC13"/><macrocell id="FB2_MC14" pin="FB2_MC14_PIN42"/><macrocell id="FB2_MC15" pin="FB2_MC15_PIN43"/><macrocell id="FB2_MC16"/><macrocell id="FB2_MC17" pin="FB2_MC17_PIN44"/><macrocell id="FB2_MC18"/></fblock><fblock id="FB3" inputUse="5" pinUse="8"><macrocell id="FB3_MC1"/><macrocell id="FB3_MC2" pin="FB3_MC2_PIN11" sigUse="3" signal="Y5_SPECSIG"><pterms pt1="FB3_2_1" pt2="FB3_2_2"/></macrocell><macrocell id="FB3_MC3"/><macrocell id="FB3_MC4"/><macrocell id="FB3_MC5" pin="FB3_MC5_PIN12" sigUse="3" signal="Y0_SPECSIG"><pterms pt1="FB3_5_1" pt2="FB3_5_2"/></macrocell><macrocell id="FB3_MC6"/><macrocell id="FB3_MC7"/><macrocell id="FB3_MC8" pin="FB3_MC8_PIN13" sigUse="3" signal="Y1_SPECSIG"><pterms pt1="FB3_8_1" pt2="FB3_8_2"/></macrocell><macrocell id="FB3_MC9" pin="FB3_MC9_PIN14" sigUse="3" signal="Y4_SPECSIG"><pterms pt1="FB3_9_1" pt2="FB3_9_2"/></macrocell><macrocell id="FB3_MC10"/><macrocell id="FB3_MC11" pin="FB3_MC11_PIN18"/><macrocell id="FB3_MC12"/><macrocell id="FB3_MC13" sigUse="5" signal="HEX2_SPECSIG"><pterms pt1="FB3_13_1" pt2="FB3_13_2" pt3="FB3_13_3"/></macrocell><macrocell id="FB3_MC14" pin="FB3_MC14_PIN19" sigUse="3" signal="Y3_SPECSIG"><pterms pt1="FB3_14_1" pt2="FB3_14_2" pt3="FB3_14_3"/></macrocell><macrocell id="FB3_MC15" pin="FB3_MC15_PIN20" sigUse="3" signal="Y6_SPECSIG"><pterms pt1="FB3_15_1" pt2="FB3_15_2"/></macrocell><macrocell id="FB3_MC16" pin="FB3_MC16_PIN24" sigUse="5" signal="HEX1_SPECSIG"><pterms pt1="FB3_16_1" pt2="FB3_16_2" pt3="FB3_16_3"/></macrocell><macrocell id="FB3_MC17" pin="FB3_MC17_PIN22" sigUse="3" signal="Y2_SPECSIG"><pterms pt1="FB3_17_1"/></macrocell><macrocell id="FB3_MC18" sigUse="5" signal="HEX0_SPECSIG"><pterms pt1="FB3_18_1" pt2="FB3_18_2" pt3="FB3_18_3" pt4="FB3_18_4" pt5="FB3_18_5"/></macrocell><fbinput id="FB3_I1" signal="HEX0_SPECSIG"/><fbinput id="FB3_I2" signal="HEX1_SPECSIG"/><fbinput id="FB3_I3" signal="HEX2_SPECSIG"/><fbinput id="FB3_I4" signal="XLXN_12"/><fbinput id="FB3_I5" signal="XLXN_16"/><pterm id="FB3_2_1"><signal id="HEX1_SPECSIG"/><signal id="HEX2_SPECSIG" negated="ON"/></pterm><pterm id="FB3_2_2"><signal id="HEX2_SPECSIG" negated="ON"/><signal id="HEX0_SPECSIG"/></pterm><pterm id="FB3_5_1"><signal id="HEX1_SPECSIG" negated="ON"/><signal id="HEX2_SPECSIG"/><signal id="HEX0_SPECSIG" negated="ON"/></pterm><pterm id="FB3_5_2"><signal id="HEX1_SPECSIG" negated="ON"/><signal id="HEX2_SPECSIG" negated="ON"/><signal id="HEX0_SPECSIG"/></pterm><pterm id="FB3_8_1"><signal id="HEX1_SPECSIG"/><signal id="HEX2_SPECSIG"/><signal id="HEX0_SPECSIG" negated="ON"/></pterm><pterm id="FB3_8_2"><signal id="HEX1_SPECSIG" negated="ON"/><signal id="HEX2_SPECSIG"/><signal id="HEX0_SPECSIG"/></pterm><pterm id="FB3_9_1"><signal id="HEX0_SPECSIG"/></pterm><pterm id="FB3_9_2"><signal id="HEX1_SPECSIG" negated="ON"/><signal id="HEX2_SPECSIG"/></pterm><pterm id="FB3_13_1"><signal id="HEX0_SPECSIG" negated="ON"/><signal id="XLXN_12"/></pterm><pterm id="FB3_13_2"><signal id="HEX1_SPECSIG"/><signal id="HEX2_SPECSIG"/><signal id="XLXN_12" negated="ON"/><signal id="XLXN_16"/></pterm><pterm id="FB3_13_3"><signal id="HEX2_SPECSIG" negated="ON"/><signal id="HEX0_SPECSIG"/><signal id="XLXN_12" negated="ON"/><signal id="XLXN_16"/></pterm><pterm id="FB3_14_1"><signal id="HEX1_SPECSIG"/><signal id="HEX2_SPECSIG"/><signal id="HEX0_SPECSIG"/></pterm><pterm id="FB3_14_2"><signal id="HEX1_SPECSIG" negated="ON"/><signal id="HEX2_SPECSIG"/><signal id="HEX0_SPECSIG" negated="ON"/></pterm><pterm id="FB3_14_3"><signal id="HEX1_SPECSIG" negated="ON"/><signal id="HEX2_SPECSIG" negated="ON"/><signal id="HEX0_SPECSIG"/></pterm><pterm id="FB3_15_1"><signal id="HEX1_SPECSIG" negated="ON"/><signal id="HEX2_SPECSIG" negated="ON"/></pterm><pterm id="FB3_15_2"><signal id="HEX1_SPECSIG"/><signal id="HEX2_SPECSIG"/><signal id="HEX0_SPECSIG"/></pterm><pterm id="FB3_16_1"><signal id="HEX1_SPECSIG"/><signal id="HEX2_SPECSIG"/><signal id="XLXN_12"/></pterm><pterm id="FB3_16_2"><signal id="HEX1_SPECSIG" negated="ON"/><signal id="HEX0_SPECSIG" negated="ON"/><signal id="XLXN_12"/></pterm><pterm id="FB3_16_3"><signal id="HEX0_SPECSIG"/><signal id="XLXN_12" negated="ON"/><signal id="XLXN_16"/></pterm><pterm id="FB3_17_1"><signal id="HEX1_SPECSIG"/><signal id="HEX2_SPECSIG" negated="ON"/><signal id="HEX0_SPECSIG" negated="ON"/></pterm><pterm id="FB3_18_1"><signal id="HEX1_SPECSIG"/><signal id="HEX2_SPECSIG" negated="ON"/><signal id="XLXN_12"/></pterm><pterm id="FB3_18_2"><signal id="HEX1_SPECSIG" negated="ON"/><signal id="HEX0_SPECSIG"/><signal id="XLXN_12"/></pterm><pterm id="FB3_18_3"><signal id="HEX2_SPECSIG" negated="ON"/><signal id="HEX0_SPECSIG"/><signal id="XLXN_16"/></pterm><pterm id="FB3_18_4"><signal id="HEX0_SPECSIG" negated="ON"/><signal id="XLXN_12" negated="ON"/><signal id="XLXN_16" negated="ON"/></pterm><pterm id="FB3_18_5"><signal id="HEX1_SPECSIG"/><signal id="HEX2_SPECSIG"/><signal id="XLXN_12" negated="ON"/><signal id="XLXN_16"/></pterm><equation id="Y5_SPECSIG" userloc="P11"><d2><eq_pterm ptindx="FB3_2_1"/><eq_pterm ptindx="FB3_2_2"/></d2></equation><equation id="Y0_SPECSIG" userloc="P12"><d2><eq_pterm ptindx="FB3_5_1"/><eq_pterm ptindx="FB3_5_2"/></d2></equation><equation id="Y1_SPECSIG" userloc="P13"><d2><eq_pterm ptindx="FB3_8_1"/><eq_pterm ptindx="FB3_8_2"/></d2></equation><equation id="Y4_SPECSIG" userloc="P14"><d2><eq_pterm ptindx="FB3_9_1"/><eq_pterm ptindx="FB3_9_2"/></d2></equation><equation id="HEX2_SPECSIG" regUse="T"><d2><eq_pterm ptindx="FB3_13_1"/><eq_pterm ptindx="FB3_13_2"/><eq_pterm ptindx="FB3_13_3"/></d2><clk><fastsig signal="CLK"/></clk><reset><fastsig signal="CLR"/></reset><prld ptindx="GND"/></equation><equation id="Y3_SPECSIG" userloc="P19"><d2><eq_pterm ptindx="FB3_14_1"/><eq_pterm ptindx="FB3_14_2"/><eq_pterm ptindx="FB3_14_3"/></d2></equation><equation id="Y6_SPECSIG" userloc="P20"><d2><eq_pterm ptindx="FB3_15_1"/><eq_pterm ptindx="FB3_15_2"/></d2></equation><equation id="HEX1_SPECSIG" regUse="T"><d2><eq_pterm ptindx="FB3_16_1"/><eq_pterm ptindx="FB3_16_2"/><eq_pterm ptindx="FB3_16_3"/></d2><clk><fastsig signal="CLK"/></clk><reset><fastsig signal="CLR"/></reset><prld ptindx="GND"/></equation><equation id="Y2_SPECSIG" userloc="P22"><d2><eq_pterm ptindx="FB3_17_1"/></d2></equation><equation id="HEX0_SPECSIG" negated="ON" regUse="D"><d2><eq_pterm ptindx="FB3_18_1"/><eq_pterm ptindx="FB3_18_2"/><eq_pterm ptindx="FB3_18_3"/><eq_pterm ptindx="FB3_18_4"/><eq_pterm ptindx="FB3_18_5"/></d2><clk><fastsig signal="CLK"/></clk><reset><fastsig signal="CLR"/></reset><prld ptindx="GND"/></equation></fblock><fblock id="FB4" inputUse="0" pinUse="0"><macrocell id="FB4_MC1"/><macrocell id="FB4_MC2" pin="FB4_MC2_PIN25"/><macrocell id="FB4_MC3"/><macrocell id="FB4_MC4"/><macrocell id="FB4_MC5" pin="FB4_MC5_PIN26"/><macrocell id="FB4_MC6"/><macrocell id="FB4_MC7"/><macrocell id="FB4_MC8" pin="FB4_MC8_PIN27"/><macrocell id="FB4_MC9"/><macrocell id="FB4_MC10"/><macrocell id="FB4_MC11" pin="FB4_MC11_PIN28"/><macrocell id="FB4_MC12"/><macrocell id="FB4_MC13"/><macrocell id="FB4_MC14" pin="FB4_MC14_PIN29"/><macrocell id="FB4_MC15" pin="FB4_MC15_PIN33"/><macrocell id="FB4_MC16"/><macrocell id="FB4_MC17" pin="FB4_MC17_PIN34"/><macrocell id="FB4_MC18"/></fblock><vcc/><gnd/><messages><warning>Cpld - Unable to retrieve the path to the iSE Project Repository. Will   use the default filename of 'lab2_sch_2.ise'.</warning></messages><compOpts exhaust="OFF" gclkopt="ON" gsropt="ON" gtsopt="ON" ignorets="OFF" inputs="54" keepio="OFF" loc="ON" mlopt="ON" optimize="SPEED" part="xc9572xl-10-PC44" power="STD" prld="LOW" pterms="25" slew="FAST" terminate="KEEPER" unused="OFF" wysiwyg="OFF"/><specSig signal="b_SPECSIG" value="(b)"/><specSig signal="XLXI_5initA_SPECSIG" value="XLXI_5/initA"/><specSig signal="Y5_SPECSIG" value="Y&lt;5&gt;"/><specSig signal="Y0_SPECSIG" value="Y&lt;0&gt;"/><specSig signal="Y1_SPECSIG" value="Y&lt;1&gt;"/><specSig signal="Y4_SPECSIG" value="Y&lt;4&gt;"/><specSig signal="Y3_SPECSIG" value="Y&lt;3&gt;"/><specSig signal="Y6_SPECSIG" value="Y&lt;6&gt;"/><specSig signal="Y2_SPECSIG" value="Y&lt;2&gt;"/><specSig signal="XLXI_5prevA_SPECSIG" value="XLXI_5/prevA"/><specSig signal="XLXI_5FF_SPECSIG" value="XLXI_5/FF"/><specSig signal="HEX2_SPECSIG" value="HEX&lt;2&gt;"/><specSig signal="HEX1_SPECSIG" value="HEX&lt;1&gt;"/><specSig signal="HEX0_SPECSIG" value="HEX&lt;0&gt;"/></document>
